comments,score,subreddit,time_created
"Ruins the reputation of the president in Europe?  Lol.  They already hate Trump, and as America's president that is one of the reasons the American people support him.  Because he tells the globalists who are eating Europe alive to go shove it.

Plus, Sweden is continuing business as usual.  Are they dumb as fuck and making it spread faster?  Or is that actually the way that these pandemics have always gone?  Herd immunity is something that many (ignored) mainstream epidemiologists claim is the way that this will finally be over.  The vaccine is over a year away at best... at best.  Quarantine or not, the numbers will continue to grow until the vaccine is out.  Do we keep the country locked down for the next 18 months (all but ensuring socialism to take root) or do we go about our business and take responsibility for our own safety and continue to support ourselves?

If you are living a normal life, what would you do in this current situation if COVID didn't exist?  I think the vast majority of people would protest the current unprecedented government overreach.  

The discussions of digital IDs and vaccine certificates, the discussions of arm bands as a visible ""pass"" to conduct business, the arrest of people participating in outdoor activities, the mandated closure of gun stores, Chinese-made-and-donated drone observation by local police departments, government created ""snitch"" lines for reporting people not maintaining social distance, making small businessmen criminals by making business illegal, etc.

Really, we should all be protesting.

And no one had automatic rifles, as any made after 1986 are illegal to buy.",1.0,Conservative,2020-04-21 23:08:43
"""There is no ending the pandemic unless a vaccine is created or herd immunity is reached"" u/billsinthesuperbowl

In order of how biased the source will be from your perspective:

https://www.npr.org/sections/coronavirus-live-updates/2020/05/27/863401430/poll-shows-only-a-quarter-of-african-americans-plan-to-get-coronavirus-vaccine

https://www.sciencemag.org/news/2020/06/just-50-americans-plan-get-covid-19-vaccine-here-s-how-win-over-rest

https://www.usnews.com/news/healthiest-communities/articles/2020-05-04/many-vaccine-skeptics-plan-to-refuse-a-covid-19-vaccine-study-suggests

Just wear the damn masks and if somebody is mean about it (either for or against) just shrug it off. Corona has a lot of people on edge and I'd hate to lose a lot of people on the right (dying from covid) and then never get a reasonable conservative president ever again (truly not /s)",1.0,Conservative,2020-07-14 16:59:45
"I mean, he is most likely right. The most likely scenario is that eventually, we will have herd immunity, either through community-acquired infection or a vaccine, and the virus will go away. The author of this article seems to be completely missing that point. I really hate that journalists, who have no concept of virology or epidemiology post articles like this without having the first clue about how viruses with respiratory transmission work. I've seen a lot of liberals claiming that other countries have defeated the virus already, and the US is ignoring science, thus the virus is spreading more here. While it is true that the virus is spreading more here, we're also moving closer to that herd immunity threshold. The other countries will have to get there eventually as well. There does seem to be some ignorance of science here, and it ain't coming from people who understand that the only way we get out of this thing is via herd immunity (preferably achieved via a vaccine).

I mean, hell, it took one kid with measles to start an outbreak in California because we were under the herd immunity threshold there. Fortunately, most people receive their MMR vaccine, and we didn't have to have a worldwide pandemic of measles in order to contain it and get back to the herd immunity threshold. What do you think is going to happen with coronavirus in all of these places where so little of the population is immune? We're not even close to the proposed herd immunity threshold in the US. The rest of the world is certainly no closer. Do people really think that everyone else in the world is done with this thing? If so, I have some oceanfront property in Arizona to sell you.

I mean, just look at the opening paragraph:

&gt;Donald Trump continues to insist the coronavirus will ""disappear"", despite the recent surge in cases in several states like California, Texas, Arizona and Florida, and in contradiction of advice by public health experts that predict a long battle with the virus.

The last part disproves his contention that it's at all a contradiction. In fact, the only contradiction is the author's contention that the virus will not go away despite Trump's comments. Public health experts predict a long battle with the virus. They do not predict an *indefinite* battle with the virus. That means that eventually, whether that's months or years from now, public health experts agree with Trump that eventually the virus will go away. It amazes me that someone could publish something so stupid in the very first few sentences.

I also love how the implication from the author that 140,000 Americans having died from COVID-19 is somehow Trump's fault. The reality is that people are going to die from this no matter what we do; it's something we're going to have to accept. There is no Santa Claus; there is no Easter Bunny; the Tooth Fairy isn't real. The only difference is *when* people get it and *when* they will die, not *if* they will get it and *if* they will die. What is real is that in the absence of an effective treatment or a vaccine, so long as we don't overwhelm the healthcare system (which currently we are not), then the same number of people will die from coronavirus no matter how much we flatten the curve; the areas under both the tall and flat curve is the same (meaning same total number of infections and death for those that can't do simple calculus).

&gt;What the US has not seen in recent weeks or months, despite Mr Trump's claims, was any sign the coronavirus was disappearing.

Right, because it's not disappearing yet. Right now, it is growing in numbers. Well, yeah. When we loosen lockdown measures, in addition to gathering in large groups (i.e. protests), the number of cases will increase; that does not mean that those cases would have never happened at all but rather that they happened sooner. It's pretty frustrating that people don't seem to understand this concept. Also, does this loon really not understand the meaning of the word *eventually*? It's right in the freaking title of the article he posted: ""I'll be right **eventually**."" It's almost like Trump didn't say that it's going to disappear tomorrow or even next week. *Eventually* could be a few months from now; it could be year or two from now. *Eventually*, it will go away. How is that so hard to understand?

This author clearly doesn't understand how any of the science works, and he might want to revisit his pompous and combative tone when we can do a retrospective analysis of the data when we are actually done with SARS-CoV-2.",1.0,Conservative,2020-07-19 18:09:44
"OK ok, let's play pretend a little bit.

So you are play-pretending an emphatic person who cares about TB, a problem with around 3000 deaths in the US, HIV-positive individuals being at greatest risk. So what you are suggesting, as an emphatic and not at all crazy and blinded by hate person then, is for US, with all its resources, to say divert 10 billion of US defense budget to combat TB in areas affected and develop medical infrastructure in poor countries. Yes?

Oh, no... you just gobbled up conspiracy theories about covid-19 which was used by conservative agenda to rile you up and you palpate in the dark of ignorance for any arguments to justify your feelings that were implanted in your brain by people who do indeed have shady interests in keeping you in this state. Someone probably tried the ""it's just the flu"" maneuver, but it wasn't effective so they went with something harder to understand like TB and it stuck.

And you know why covid is even an issue? Because some absolute nutjobs ignored it and democrats had reacted to those nutjobs. And since democrats appear to care about it... then republicans have to be against it. That's  it. Tribalism at its finest.

And who benefits with their shady dealings from this chaos? Republicans, because that's the only way they could hold power which they in turn need to make their shady deals and... China, Russia, enemies of the US. Just imagine that - China is viewed as having been extremely effective in dealing with covid while the world looks at the US like a fucking mental asylum where people can't even stop themselves from spreading the virus intentionally.

edit;
Oh wait I didn't even read your last sentence before... Yeah because fucking immigrants will infect Americans with TB and it's not like they'll get the vaccine immediately if they didn't have one before, and death rates in US from TB aren't low because of the medical infrastructure...

And you call yourself an ""emphatic"" human being. You are both stupid and evil, filled with and blinded by hate spoon fed to you by propaganda. It's disgusting. Granted you have at least an average IQ that allows you these mental gymnastics to try and convince yourself that you are a good person. I can't blame you for that - it would be the worst kind of existential dread to admit to such horrible things, even to yourself.",1.0,Conservative,2020-08-20 15:22:47
"I can't speak for everyone on here, but I dont really see people bragging about not wearing a mask. Granted maybe I dont notice because I'm not looking for it.

Personally I dont like wearing a mask and I dont particularly see them as being very helpful/necessary. I've read A LOT of the studies published and they are usually extremely reliant on pretty big assumptions. Id rather not go down that convo road tho. Now I am all for social distancing, good hygiene (hand washing, avoiding touching public surfaces, etc.), and avoiding large gatherings. I think these are  MUCH more effective in preventing the spread. Now if I lived with a vulnerable person or regularly came into contact with one, I would be more careful and willing to wear a mask. Now this isnt to say I don't wear one. My state has wearing one as a rule so I follow it. I do think it should be a business/company decision over the state but I won't fight it. I live in Florida and they have been very reasonable with their lockdowns and rules so I won't complain too much üòâ 

And yes, there really weren't tests when places like NYC got hit so it is hard to really give it a fair analysis but we do know they had an absurd amount of death regardless. So yes the death rates were prob lower than we think/thought but they are still way above normal.

I hate that this has been hijacked politically. Its the worst thing that could have happened. Hopefully a vaccine gets made but like you said, there are meds that have shown a lot of promise in slowing it down and keeping it under control.

The herd immunity percentage keeps changing lol I think it was like 40% but I've heard up to like 65%. People need to make up their minds lol

Anyways, I hope both you and your spouse stay safe! I have family members who are very vulnerable but I dont see them much (unfortunately...or fortunately depending how you look at it with covid lol) and they have been isolating this whole time and have been doing fine. Keep the at risk safe! That's how we win",1.0,Conservative,2020-09-12 00:46:56
"Andrew Cuomo, governor of ny, specifically stated that if the federal government comes out with a vaccine, ny will do it‚Äôs own testing on it first.  we know you hate trump but do you think trump made the vaccine himself?  All he‚Äôs doing is politicizing Covid when he keeps reassuring he‚Äôs not.",1.0,Conservative,2020-09-29 09:30:55
"Biden looking at the camera and implying that those who lost love ones to COVID-19 can blame Trump really pissed me off.  This has been a HARD fucking year for everyone.  We have a global pandemic which has killed over 1,000,000 people globally, and Biden is taking political shots and playing the blame game.  The Obama admin could barely handle the fuckin rollout of Healthcare.gov.  I‚Äôd hate to see how they would‚Äôve handled a pandemic situation. How about we come together as a country and fight this fuckin thing rather than turn it into a partisan issue?  

Also, fuck Biden for implying that we cannot trust a vaccine because of the Trump admin.  Statements like that are going to be the reason why were going to struggle to get huge amounts to commit to the vaccine once it is actually available - whether it is during the Trump admin or the Biden admin.",38.0,Conservative,2020-09-30 03:09:25
"But the virus DID hit and the economy tanked. And he ignored the seriousness of covid even though he knew it was bad. Why? To not cause panic and keep the economy open. Well it‚Äôs colossally backfired and tons of small businesses are screwed because the shit has spread out of control. Now we have to wait for  a vaccine that he is rushing and even that has become politicized. You have people that hate anti-vaxers who are super skeptical about this vaccine. 

It all starts at the top and trump flubbed covid. Before anyone tries to tell me he shut the borders down in February or March, that shit was already here spreading rapidly. That point is irrelevant. It‚Äôs everything he did or didn‚Äôt do after that matters.",1.0,Conservative,2020-10-01 11:37:21
"&gt;This is literally all the MSM's fault for absolutely dumbing our country down every single day. 

I agree.

&gt;Biden/Harris are the ones to be truly worried about if they steal the election somehow with how dangerous Harris would be as President.

I don't know that she'd be dangerous to left-leaning folks who want what she's selling, but I'm certain she is a disaster for the 2nd Amendment and I'd expect her to be happy to spend taxpayers money on God knows what crazy projects. I think she is mentally stable and sane though, I just disagree with her politics and her ethics. 

&amp;#x200B;

&gt; What is there truly to fear about Trump? 

I think what they fear is that he'll push more policies they don't like. They are worried about abortion rights and race relations and gay marriage to name a few. Personally I don't think Trump is going to do anything radical in any of those areas. 

The other things they are afraid of though, I am afraid of too. Mainly the fact that he seems to be a pathological liar, incredibly egotistical and arrogant and not especially smart. I think he's erratic and unpredictable and that's a problem. That said, I do not hate Trump the way they do and there is NO way I will vote for Biden either.  I'm stuck voting for the libertarian candidate again because it's the only choice I can stomach in this race. 

&amp;#x200B;

&gt;He's done good for our country financially through his policies, tax breaks, raising our GDP, bringing jobs back.

The economy was doing well under Trump prior to COVID, I agree. I also think it's bullshit how people blame him for COVID and the economic impact it's had. That would have happened no matter who was president. COVID is not his fault. He could have managed it better yes, but he did a lot of things right too. Like shutting down travel from China and other countries early on and pushing companies to make masks and respirators and firing up the vaccine initiative, pushing for medications to be approved and released. 

&gt;  
&gt;  
&gt;undoing damage from the last five administrations, winning peace prizes etc.

Yeah, I'm not one of those people who thinks Obama was the antichrist and ruined the country and Trump ""fixed"" it. Sorry. Obama did plenty of things I didn't like, but he was a capable president and definitely far more sensible and level-headed than Trump.

&amp;#x200B;

&gt;Kamala is the one to truly be worried about. She is a miserable, shitty canidate with a awful track record and Nancy Pelosi needs to fully be removed from her position as well.

Yeah, I can't stand Kamala either. She seems like a nightmare candidate to me. Basically on the opposite side or extreme of almost every issue from me. I hate her nasally voice and condescending attitude too. Can't imaging having to listen to her give speeches and talk on TV for 4 years. Fuck that, she will be on mute.

I loathe Nancy Pelosi and Dianne Feinstein too. Add Chuck Schumer to that list as well. They are all a bunch of gun grabbing, self-serving career politicians. They suck.",3.0,Conservative,2020-10-12 19:47:02
"It‚Äôs not that conservatives think nothing is going on - it‚Äôs that the solution being pushed is completely unrealistic and countless countries continue to prove it is pointless. There are no solutions to problems - only trade offs. The trade off for delaying Covid deaths is destroying people‚Äôs livelihoods, reducing the likelihood that low income kids will finish high school with virtual learning, and putting our kids on the hook for 3T+ in additional tax debt for a virus that is not going away.

Sweden did not lock down, didnt wear masks, did not shut down schools for under 15, and has had less than 10 deaths a day for months now. This is a highly contagious virus, and lockdowns have never stopped a virus before. The plan should be to let the young and healthy live their lives and protect the vulnerable so this can be over with as soon as possible. Dragging this thing out for 7+ months just means you can‚Äôt keep the vulnerable protected and they end up getting it anyway. Look at CA - heavy mask usage for months, never had indoor dining, arrested people walking alone on trails and paddle boarding - still had a CFR comparable to TX and FL with minimal restrictions (and higher obesity).

Lockdowns do not do anything other than delay deaths (which is also good but should be balanced). Argentina is a good example of how lockdowns do not work. The USA has several examples as well.

https://www.rt.com/news/502652-argentina-coronavirus-test-positive-rate/

 We are a wealthy, highly populated, and free country. The methods applied in other countries with reduced rates would not work here. NZ is an island. South Korea is effectively an island. Taiwan has an extremely obedient population. Vietnam is poor and has no where near the travel seen in the states. The media pushes this narrative that anti-maskers/anti-science conservatives are the reason we can‚Äôt get the cases to zero, and it‚Äôs just to point the blame at someone they want you to hate. USA wears masks just as frequently or more than other countries, USA google mobility data was basically identical to other countries that ‚Äúcrushed the curve‚Äù(initially but later had a second wave). The USA is on par with most other similar countries with our travel/density/wealth, but is actually doing good if you look at our obesity compared to other countries. 

The only way this stops is if a vaccine comes out asap, and it‚Äôs mandated for everyone. Since that is not happening (polls show 25-35% of people would actually get it), just let people live their lives.

Look past the emotion driven news stories. These lockdowns will be looked back on as a colossal failure. WHO is already saying they are a bad idea. This is a dangerous response for a disease that has not shown to be much worse that numerous other viruses in the past 30 years.

 https://i.imgur.com/Q1VEzso.jpg",0.0,Conservative,2020-10-13 04:17:59
"There is not a vacciene yet. Even when there will be, Cuomo won't allow New Yorkers to recieve it and Newsome won't allow Californians to recieve it. 
  
https://www.nbc12.com/2020/10/20/california-wont-allow-virus-vaccines-without-state-approval/
  
https://nypost.com/2020/10/23/andrew-cuomos-outrageous-covid-19-vaccine-games/
  
Most conservatives won't take the vacciene because they don't think they need it. Most libs won't take the vacciene because they were told that its not safe by their government. 
  
https://www.pewresearch.org/science/2020/09/17/u-s-public-now-divided-over-whether-to-get-covid-19-vaccine/

I don't hate people poorer than me and I like the idea that people have differing opinions. Even when those opinions don't align with mine. What I don't like is when people who refuse to consider the view ponts of others. Intolerance and willfu ignorance are the attitude that I despise.",1.0,Conservative,2020-10-24 13:42:21
"So Biden is a doctor now and developed the vaccine for COVID? I'm lost. What the hell does he have down there in his basement. ""I'll develop a vaccine for something that hasn't reached us yet. Anyone know what bats hate?""",2.0,Conservative,2020-11-10 00:29:50
"There is so much wrong with how she retains her seat. You wonder if her getting elected was the proving grounds for trying to hide election fraud long enough to get your opponent to concede. That and AOC. These are extremists, so far out of reality. One would think even a moderate Democrat would be afraid of the hate being said by these extremists. I mean come on, collecting names of people who Stand by Trump? Really? What is wrong with putting us first? We live in the United States. We should take care of our own 1st. I am not saying we shouldn‚Äôt help when needed. We do, but we have our own issues. Just like Biden coming out saying we should give our vaccine out to the rest of the world 1st? Are you insane, well.... Our country needs this vaccine, we need to stop all the shut downs. Businesses are closing at a high rate. But yet, government threatens to close down more. Sure COVID is bad, but for who? The elderly and those with compromised immune systems. Not the working population. We need to open. We all know how to take care of ourselves and our families. If we are out in public wear a mask, if we are sick, don‚Äôt go to work or school and stay away from parents or grandparents that could get a worse case. It‚Äôs common sense. Why should we be told what to do. We are empowered by the Republic to take care of our own. Not rely on what government tells us to do. 

Also, thank you to all that served, and for anyone that was in the 3703 BMTS in 92, hope you guys are doing well. Go Air Force!",1.0,Conservative,2020-11-11 16:28:13
"Unfortunately, I think many people are. With something like Covid-19, things are being learned at such a rapid pace that even things from a month ago are becoming outdated. While I hate the pandemic, it really is quite interesting. If a vaccine is actually out this year, I will find that to be a somewhat amazing triumph of modern sciences. I know we are hearing so much about how badly it has been handled, and certainly there is always room for improvement, but if a working vaccine is actually distributed en masse within a yearish of being fully recognized - that is a feat.",1.0,Conservative,2020-11-14 23:48:15
"1.) no he didn‚Äôt. He stopped official wars, while more troops are deployed than ever- in ‚Äúsupporting roles‚Äù and ‚Äúpolicing roles‚Äù. The USS Harry Truman (which i have several friends on) has been deployed much more in the last 4 years, for example. He just SAYS he has, that‚Äôs what he does. He SAYS ‚ÄúI said I‚Äôd do it, and I did it.‚Äù 

2.) the wall was a major rally cry and he failed to do ALL KINDS of things around it ‚Äúwho‚Äôs gonna pay for it?!!‚Äù *points mic at audience* ‚Äúthat‚Äôs right, Mexico will pay for it‚Äù. He had to find a way to get immigration down by another way because his words and plans failed.

3.) he said he was making ‚Äúmajor moves, were doing all we can, we‚Äôre controlling it better than anybody‚Äù when asked about gun control plans on live tv. Literally every day the man said something that contradicted something else he said for 4 years- of course he ‚Äúdid what he said‚Äù..... he said it all! That‚Äôs how he covered his ass, hes the most inconsistent man that ever even got in office, let alone the presidency.

4.) the jobs were already going up when he got in office- he‚Äôd have to have major fuckups to slow it down. And this past month? When basically everyone around the world is still improving their job increase rate from lockdown, us jobs are going up at a decreasing rate. We‚Äôre plateauing and leveling out. Serious fuck up to do that. He just SAYS they are. Boeing is laying off 30,000. ‚ÄúSo many car plants‚Äù in MI that simply don‚Äôt exist. He just stands in front of the UN and SAYS they exist. That‚Äôs all. 

You can‚Äôt think of anything he said and hasn‚Äôt at least tried because he has literally spoken both for and against every little thing since he‚Äôs been in office- and we hear what we want. COVID? Hoax and hes got the best vaccine. Mandatory? Yes and we‚Äôre mobilizing the military‚Äôs to deliver it faster than anyone, but also we‚Äôre not and it‚Äôs optional. Canadian aluminum is ruining our economy and we‚Äôre blocking it- and also we‚Äôre undoing the block and making the best deal on Canadian aluminum. ‚ÄúAm I supposed to hate China, I do business in China, I love China, I‚Äôm not xenophobic‚Äú ‚ÄúI‚Äôve been the toughest on China than any administration‚Äù

Not an argument, kid.",1.0,Conservative,2020-11-15 07:01:28
"Donations prove external support, so did the rallies this weekend. I'm more worried about the fact that this election took place during a [national state of emergency that trump enacted in an EO during the 2018 midterms that safeguards against election swaying, manipulation or tampering by Big Tech, the MSM, and Foreign countries.](https://www.whitehouse.gov/presidential-actions/executive-order-imposing-certain-sanctions-event-foreign-interference-united-states-election/) Its not talked about however, and the wikipedia page is scrubbed clean.    

I think at this point you should be asking yourself why the government and people are so against a man who made America energy independent for the first time in a long time, signed four peace deals, and ended a nuclear threat that Obama started. He's also forced a vaccine for covid-19 to be acknowledged and moved for plans of release in record time. Why is there such a vendetta against a man whos done nothing but try to help the people? He's done more for minorities than Obama|Biden did and he brought the economy back to an upswing. Democrats all lobby'd to not close the borders which contributed to carriers bringing the virus into our borders which made the spread grow exponentially, and then they lobby'd for shutdowns. After the economy crashed due to shutdowns, they tried to blame it on trump for not stopping the virus. Which he tried to do by closing the borders, but the WHO fought against him on it. Have you ever asked *yourself* what makes people hate trump so much? Is it the MSM narrative?",0.0,Conservative,2020-11-15 19:33:20
"I don't like commenting on political things, but I have a lot of friends in the asian american community here in the United States.  These friends range from immigrants, to 4th generation citizens, and come from places like Taiwan, Japan, Korea, Malaysia, Vietnam, and (of course) China.  Some of them fled the revolution to seek a better life here.  There has been a [rise](https://www.ncbi.nlm.nih.gov/pmc/articles/PMC7364747/) in hate crimes against asian minorities in this country, and a lot of that has to do with Trump's rhetoric regarding the virus.  My Vietnamese American friends are worried about getting harassed on the street by random people who are listening to that rhetoric and blaming the virus on asians in general.

The initial spread of the Coronavirus is absolutely the fault of the Chinese Communist Party, for failing to contain it and failing to properly regulate the wet markets where it originated.  Trump was right to block travel from China (though covid still made it to the US through Europe, with those sources causing the initial NYC outbreak). I'd even go so far as to say that the Trump admin has done a decent job working with private industry to get vaccine development done fast.  But I'm here, telling you from personal interactions, that my (American citizen) friends have been made to feel unsafe in this country because of Trump's rhetoric.  Average joe schmo cannot differentiate someone from China from an someone of Asian descent who lives in their community and has never been to China.  That's why people are calling out Trump's rhetoric as racist and dangerous.  He's stoking literal violence against Americans.  As much as people hate to admit it, Trump has a lot of influence in this country right now, and a lot of passionate people who care a lot about ""America"" hang on his every word.  When Trump calls it the ""China Virus"" long after it has become an American problem, he could have easily said something else.  Deflecting blame for the impact of the virus on our communities onto China has real consequences for people who live and work here.

Please don't dismiss these concerns as some scheme for Pelosi or Schumer to win political battles.  I get that democrats like using racial rhetoric to gain votes, but here, in this case, my friends are being made to feel unsafe in their homeland.  I know this is a lot to ask, but I urge you to reflect on the viewpoint of the conservative community on this issue.  I realize your communities are hurting due to both the virus and the economic fallout, and I'm sorry.  I truly hope we can repair your communities and rebuilt the american working class.  But please don't take out your anger and frustration on your fellow americans who had nothing to do with spreading the virus.",5.0,Conservative,2020-11-16 06:49:05
"The thing is, a lockdown with a proper stimulus package would work. Europe is on their second lockdown rn but is doing a lot better economically (and health outcome) because of this. 

It‚Äôs a lot more complicated but if we pause the economy without it going down through stimulus, while maintaining the good health outcomes until the vaccine arrives, then the economic boom we experienced before this will continue without the long term effects of shit health due to long term COVID damage to slow us down in the future. 

Lockdowns are like trump banning travel to China in the start. It‚Äôs effect is extremely limited without a comprehensive plan to stop the pandemic. We got a lot of covid cases coming from Europe to fuck up New York City because of half measures. As much as people hate NYC, it‚Äôs part of our economic boom.",0.0,Conservative,2020-11-16 21:16:55
"Nope, he just went around wasting taxpayer dollars spreading COVID at his shameful and hate-filled ""rallies"" all across the country. Winning! No wonder Pfizer held out on announcing their vaccine. Germans learned their lesson about appeasing fascists.",1.0,Conservative,2020-11-17 04:43:45
"I hate the anti-vax movement. It‚Äôs a dangerous movement that has already led to outbreaks of preventable diseases in the US and other western countries. Sometimes I wonder if these vaccines were mandatory, how many lives could‚Äôve been saved?

But I wouldn‚Äôt agree with making the covid vaccine mandatory. It‚Äôs too early for that. It‚Äôs a disease that whilst is spreading fast, has a low mortality rate. We don‚Äôt know all the side effects yet so we should administer it to everyone and anyone without choice.

Q",-6.0,Conservative,2020-11-23 18:54:06
"So, what exactly is the solution? Do nothing until a vaccine? 

&amp;#x200B;

I hate the idea of lockdowns as much as the rest of you, but I've also had Covid, both me and a coworker got it back in mid march, and to say it wasn't fun was an understatement. I ended up spending a week in the hospital due to a collapsed lung because of it.  Both me and my coworker still are suffering from side effects as well. My lungs feel fucked, and I can barely sleep these days.  I've lost a both a friend and an acquaintance to it, both in their 30s, neither with medical issues. One of my friends has lost 3 family members and 2 friends to it, again, no medical issues and only one person was over 60.   So doing absolutely nothing, is catastrophically stupid. 

&amp;#x200B;

On the other hand, I've lost 95% of my work due to lockdowns, and it's certainly taking a toll on my mental health, and while I don't feel like the cure is worse than the disease, it's still really fucking horrible. 

&amp;#x200B;

So again, what's the solution?   How does one balance safety with mental health?",1.0,Conservative,2020-11-25 19:07:23
"To my knowledge, if you already had covid you are safe, reinfection rates are one to none, and idk who will take it.  Democrats are in the idea that because its a trump vaccine its bad, and there is a portion of republicans who hate vaccines, so max 25 percent of the population would be willing to take it imo.  Still way better than no vaccine, but we have to wait a couple years and see the side effects.",1.0,Conservative,2020-11-27 07:48:02
"But if everyone caught coronavirus there would be roughly 5 mil deaths in America (assuming the same death rate) and if they all caught it within a short amount of time the hospitals would be overrun and that creates additional deaths due to cases like heart attacks/car accidents/stroke/any other emergency etc. I don‚Äôt think 200k deaths have been over reported.. if anything it‚Äôs been under reported. I can‚Äôt think of any national crisis that killed so many people being such a partisan issue. 

Also the evidence shows that lockdowns and masks work. There have been numerous countries that have eliminated or contained COVID with these measures... I hate anything that infringes on personal liberties but I think with a health issue like this you‚Äôve got to bite the bullet and do what‚Äôs best for the greater good. 

The big benefit that a vaccine has against the virus is that the vaccine won‚Äôt kill anyone. If you try and get herd immunity by infecting everyone you are going to have a huge amount of deaths. Also this virus will change (similar to the flu every year) the vaccine will need to be continually updated. If we don‚Äôt have an effective vaccine to begin with we will not be able to prepare for mutations in the virus meaning that next year we will need to get herd immunity all over again.",1.0,Conservative,2020-11-27 20:31:57
"&gt;It seems like American conservatives don't understand growth economics at all. That's especially true in the Trump era, with the renewed focus on legacy resource extraction and manufacturing at the expense of high tech and intellectual property industries, which are more valuable and provide better opportunities for long term sustainable growth.

So I didn't vote for Trump. There are Democratic tickets I could have brought myself to cast a vote for but any with Kamala Harris was not one of them.

Only vote for President I have cast for a major party candidate was Mitt Romney in 2012

But in this I believe you are flouting your own advice a bit in ignoring market externalities--the loss of a manufacturing center **is** a negative market externality with often negative results on social safety nets and a country's budget.

&gt;I see them demonizing our imperfect, but critical education system from top to bottom.

Pointing out flaws is not demonizing--I can't think of any Republican who supports eliminating public education:

In fact even under Trump as much as I hate him education spending per pupil continues to increase:

https://www.census.gov/newsroom/press-releases/2020/school-system-finances.html

The US even spends more on education than any other country:

https://www.insider.com/how-much-countries-around-the-world-spend-on-education-2019-8

The conservative answer to that is to step back and think ""maybe the issue isn't just funding and the solution isn't throw more money and more government at it until it fixes itself""

It would be to look at the administrative and bureaucratic flaws for why the system is failing even with funding and why teacher salaries are stagnating even as those in administrative positions continue to see their salaries rise

Note: this does not mean destroying the system--it means certain reforms to fix its failings

It's why even though I definitely don't support privatizing education I think certain targeted school choice and voucher programs and charter school expansions are a big part of fixing education--not on a huge scale and with proper oversight to prevent abuse--but the ideas themselves seem to be something conservative that even communities that are overwhelmingly Democratic agree with me on:

https://www.mackinac.org/democratic-minority-voters-overwhelmingly-favor-school-choice

As for research again as awful as Trump is and as bad as the response to Covid has been--from feuds with Fauci, to playing red vs blue states to making masks a culture war issue and holding mask and distancing free rallies--one thing I believe he did better than a Democratic administration would have is the vaccine development--something even Fauci called the one good part of the virus response.

It was done via a public-private partnership--the kind a Dem administration would have resented--instead boxing out the resources of the private sector and only allowing government to work on a vaccine

Same thing goes for something like space travel--it's not ""anti science"" (the current GOP does have some positions that are anti science on the environment--I acknowledge that and hope it changes--but I digress) to think government shouldn't be the sole force of scientific development and take a supplementary role with the more efficient private sector

As for healthcare it is really something I am conflicted about--as a medical resident the thought of having worked all those years in high school stressing over the thought of an A-, making sure to get a 1550+ SAT and fill my resume with ECs to get to a top college, slaving away in the pre med classes there and in MCAT Prep to get to med school and the hell that awaited there--plus residency and hopefully specialization--**just to be a government employee as a part of a bureaucratic mess of a system that would amount to a healthcare version of the DMV** is a depressing one

But I get that the ACA--as much as I think it's bad policy--isn't just something that can be repealed without a replacement (and know the GOP doesn't have one)

As of now I guess I hope for the status quo but I believe we are heading to socialized medicine--as awful as it sounds to me and feels like I wasted my efforts",1.0,Conservative,2020-12-02 04:20:26
"https://www.cbc.ca/news/health/operation-warp-speed-trump-pfizer-moderna-vaccine-1.5806820

Let's talk Moderna:

&gt; ""No doubt, Operation Warp Speed is a huge success,"" said Tinglong Dai, associate professor of Operations Management and Business Analytics at Johns Hopkins University Carey Business School in Baltimore.

&gt; ""You can like or hate the Trump administration, but no doubt, it's a huge success ‚Äî unprecedented success.""

&gt; Jesse Goodman, the former chief scientist of the U.S. Food and Drug Administration, agreed that the U.S. government deserves credit for the high priority placed on Operation Warp Speed.

&gt; ""This is a bright spot in the pandemic response. I mean, the rest of it has been dismal,"" said Goodman, who is also director of Georgetown University's Center on Medical Product Access, Safety and Stewardship.

&gt; Anthony Fauci, director of the U.S. National Institute of Allergy and Infectious Diseases, also lauded Operation Warp Speed for being a ""success ‚Äî certainly in the arena of vaccines, it's been a success"" in his remarks at a recent virtual summit organized by the medical news site Stat.

&gt; Launched in May, Operation Warp Speed (OWS) is a government initiated private/public $10 billion US program to help provide support to companies in the development, manufacturing and distribution of 300 million doses of COVID-19 vaccine, with the aim of having initial doses ready by January 2021

&gt; The experts agree that Operation Warp Speed played a significant role in Moderna's development of a potential vaccine. 

&gt; ""Without OWS, there would be no Moderna vaccine. Period,"" Dai said.

&gt; Allison Winnike, president of the Texas-based Immunization Partnership, an organization providing advocacy and information about immunization initiatives, said that Moderna benefited tremendously from Operation Warp Speed, in part, by receiving close to $1 billion to support its vaccine development and clinical trials.

Now, let's talk Pfizer:

&gt; ""Pfizer is a very large company with substantial cash reserves,"" Goodman said. ""I'm sure that [OWS] was helpful. I'm not sure about [whether] it wouldn't have happened without it.""

&gt; Walter Orenstein, a former director of the U.S. Immunization Program and former deputy director for immunization programs at the Bill &amp; Melinda Gates Foundation, said Operation Warp Speed has played a major role by guaranteeing a market to Pfizer so it can begin developing its procedures for distribution.

&gt; He agreed that the policy initiative is an exception to how the Trump administration has handled the pandemic and that his ""personal opinion is [OWS] has helped substantially.""

&gt; ""I can't see this large an effort by this many companies going forward in this fashion without substantial support that has come [through] Operation Warp Speed.""

Of course OWS and Pfizer don't have a perfect relationship, but please stop saying they have no involvement or didn't help. *You* might say they didn't help based on your personal perception of what is truly ""helpful,"" but if the experts are saying it helped, then obviously I'm going to take their word over your opinion.",1.0,Conservative,2020-12-12 06:45:08
"Predictions for 2021:

\-covid vaccine won't work, and they will blame the people who were holdouts on getting it, not the vaccine itself. aNtIvAx shaming will increase tenfold

\-there will be serious health issues that will be caused by the covid vaccine, which will be blamed on Trump ""rushing"" the vaccine

\-a major mass shooting event will occur and will be used to bring in sweeping gun control measures. If a government is allowed to break the law in an emergency, that government will invent emergencies to break the law. 

\-hAtE sPeEcH laws will be passed, criminalizing discussing any of this.",1.0,Conservative,2020-12-16 14:02:48
"Man oh man, thank your for your service. I believe (not positive) a lot of those gulf war vaccines were experimental including the malaria drugs.  By the time I went to Iraq they were all FDA approved.  I hate getting stuck like anyone else so I get it. Shit I‚Äôm immune to anthrax and how often do we see someone sick with that?  

My point was that this covid vaccine is just as safe as the flu vaccine.  Additionally, although it is a newer type of vaccine (mRNA), they have been studying these types of vaccines for the last 10 years. It‚Äôs not some brand new experimental thing like it‚Äôs being portrayed in some circles.",1.0,Conservative,2020-12-16 15:02:25
"I think they are well aware people hate it, they‚Äôre just coming to the realization that Covid will be over in a few months when the vaccine is available for the general population, so they‚Äôre trying to use all this power they have while they still can.",6.0,Conservative,2020-12-17 14:38:20
"Then stop draping your beliefs in science man. You cited a bunch of shit unrelated to actually saving people from covid through proper usage of our vaccines. Everything you said can be true and I'd still ""you guys"" you because you're scoffing at people for calling quite correctly and unrelated to the proper usage of the vaccine out that china most definitely wants Americans to hate america. I read what you said but also read your completely irrelevant paragraph and felt the need to lump you in with the rest of the people who recognize that something is morally and empirically wrong but cite ""scientific (irrelevant in this case but often contested) facts"" as if that makes the guy any less correct about chinas influence on america by making Americans hate america. Alot of which is done through convincing people that American is irrevocably racist.",4.0,Conservative,2020-12-20 04:38:45
"No, it fucking doesn't. I hate people who hear one thing and then this k they know everything. 

From their website: ""Our vaccine consists of a short segment of genetic material, called messenger RNA, that provides instructions for a human cell to make a harmless version of a target protein, or immunogen, which activates the body‚Äôs immune response against the SARS-CoV-2 virus."" https://biontech.de/de/covid-19",0.0,Conservative,2020-12-20 22:12:52
"This is so simplified that its obviously in bad faith. Theres $87 Billion ear marked for k-12 education (which has already allowed my district to postpone furlough fridays). Theres Billions for covid vaccine, Billions for unemployment, money (not sure how much) for increase in SNAP benefits.

I hate when people look at the $1200 or $600  and yell ""THATS IT?"" Well either you didn't loose your job and the $1800 should be pretty helpful or you did lose your job and you got an extra $600 a week on top of state benefits, that got renewed at a rate of an extra $300 a week after that. That unemployment payout was so good that it actually reduced poverty in the US. Also many states used CARE act funds to help with rent payments and childcare.  

 The main issue I have is with the PPP loans. They are where the scammers and grifters come in.",1.0,Conservative,2020-12-23 02:07:59
"He has spoken out against the corrupt congress and has instituted huge slashes in unemployment and decreased taxes and government spending before COVID came along. This guy had to face a fucking worldwide pandemic, impeachment hoaxes, media misinformation, and a radical left, and still was able to get a vaccine before 2021 and has pointed to the true external enemy to this country: China. I hate republicans and democrats in congress, except a few, and they are the ones to blame for the shit show that has happened in this country. I also blame inept governors like Cuomo and Newsom for shutting down small businesses for a virus that has a .01% fatality rate. Trump can‚Äôt override the idiot governors, so he was forced to give government money to these people who were being squashed by the dems.",1.0,Conservative,2020-12-28 18:26:34
"Along with his pushback against China, his booming economy, no new wars, recognizing Jerusalem as the capital of Israel and his peace deal, the covid vaccine, acting offensively against the middle east and getting is out of the nuclear deal, the killing of terrorists who threaten our republic, exposing our government for what it really is...the list goes on and on, man. He will go down as one of the best presidents we have ever had, all the while combating the most hate and negative press possible for four freaking years",8.0,Conservative,2021-01-01 23:03:06
"I flip back and forth between CNN and Fox when I‚Äôm exercising in my home gym.  Tucker spews common sense to the point of being boring (‚Äúwe should make sure votes are counted properly!‚Äù ‚ÄúWe should equally apply laws!‚Äù).  This stuff is only ground breaking to leftists.  Then I end up hate watching CNN (‚ÄúTrump removed mail voting machines in 2009‚Äù ‚Äúcounting votes is a threat to democracy.‚Äù ‚ÄúEveryone will die of covid.‚Äù ‚ÄúTrump is lying about getting a vaccine‚Äù, ‚Äúbeing mad about people breaking windows to steal merchandise is racist‚Äù)",1.0,Conservative,2021-01-16 15:04:24
"&gt;He literally held packed covid rallies all year.   

Agree, he did draw very large crowds.  That's how popular he is/was.  Not sure calling them covid rallies supports your argument.   When you go grocery shopping do you call it ""covid shopping""?  When you go anywhere to you call it ""running a covid errand""?  You'll notice that they weren't social distancing at all times during the inauguration yesterday - shouldn't we be referring to it as the ""inauguration of death""?   Sounds silly doesn't it.   

&gt;To think he took covid seriously, is insane to me.   

Ok. Thanks for the opinion. Hope you get some of your sanity back.  

&gt;Distribution has been a nightmare,   

Getting this vaccine developed and in distribution in under a year  took a herculean effort and has been a historic success.  Are there some problems with getting vaccines to 350 million people?  Sure, that's to be expected with an effort of this magnitude.   

&gt;in less than a year. 400k dead  

Experts predicted that 2.1 million would die.  I'm guessing you hate science now because through Trumps efforts we are well under that number.  

&gt; and if he could tweet, he would still call it the china flu, bro.  

Uh, it is the China flu, Bro.  

By every measure, the Trump administrations response to this once in a century pandemic has been a success.",1.0,Conservative,2021-01-21 13:30:13
"I'm not here to attack or get downvoted but to discuss....

My view is that everyone has believed herd immunity is the answer (may not have been portrayed that way on either side). I think the unspoken pieces are:

1-people on the left hated trump just like people on the right hate democratic presidents.

2- I think the way that trump was suggesting we get there was the issue. The way I was made to believe is that he wanted everyone to get exposed and a level of Covid so we can reach hers immunity.

3- I think the change now is that we immunize people to help speed up the process in a safer manner.

I give trump all the credit in the world on being right on vaccine time line and hope the history remembers it that way. However if he was so certain it was going to be quickly developed that he could have done something to mitigate exposure and help people be safe?

I think trump did great things and this was a real failing on his part and will be a major mark on his legacy.",0.0,Conservative,2021-01-23 07:17:30
"I love when people actually think that Trump has done nothing good. It just shows that they don't actually pay attention to politics, they just eat whatever the media will tell them.

-No new wars (good to know Biden signing papers is better than not starting a war)

-3 peace deals in the middle east (the fact that he didn't get a nobel peace prize just for this, is absolutely disgusting)

-Diversifying the Republican party. (That means it's less white than any other time in history)

-Space Force. (If Obama did this, you guys would have cried tears of cum)

-Platinum Plan (Pro-Black American plan)

-American Dream Plan (Pro-Hispanic American plan, but this doesn't really count because it was a promise during his 2020 campaign. He followed through with the Platinum Plan though.)

-Signed a law making cruelty to animals a federal crime. (Was it already a crime? Yes. Is it a federal crime now, with a federal punishment? Yes+)

-He signed the bill that made CBD and hemp legal. (creating two new profitable industries in America)

-He signed the FOSTA and SESTA act. (Giving law enforcement what they need to fight human/sex trafficking. Thank you Ivanka)

-Signed EO to force health care providers to disclose their costs of services. Letting people comparison shop for providers.

-Signed another EO that's just like the one above, but for Hospitals.

-Repaired our Military and our VA.

-Signed into law for federal workers to get up to 12 weeks of paid paternal leave. (That's a first in our history)

-First Step Act (if you don't know about this one, then you're really not paying attention.)

-Tax relief (created jobs)

-Massive deregulation (created jobs)

-Trade Agreements (Please explain to me how NAFTA is better than USMCA)

-ENERGY INDEPENDENCE. (Not forced into buying oil, keeping our interest out of certain areas)

-*Trigger Warning* &gt;!The Wall!&lt; (Please tell me how this is a bad thing)

-Providing 200k HIV prevention drugs for free, every year. For 11 years.

-Covid19 Vaccine. Don't forget that.

And a lot more. I'm forcing myself to stop now, but I can continue if you want. Do you understand what I mean when I say that it shows that you're not paying attention to politics? You're only paying attention to what MSM tells you. You can believe you have this genuine hate for Trump, but it's manufactured by the media. That includes social media.

Now please, flesh out all the great things Biden has done, and why it's a positive thing. You can skip passed the sugar coating covid stuff(Which is most of it). I want to hear how the other EO's will benefit us.",1.0,Conservative,2021-01-23 08:41:58
"&gt;I don‚Äôt give two shits about what Rafael ‚ÄúTed‚Äù Cruz or Robert ‚ÄúBeto‚Äù O‚ÄôRourke call themselves.  They can call themselves Itchy and Scratchy for all I care.   It‚Äôs not relevant in the slightest to the topic at hand and what we are discussing.

Of course not.  Brigading liberals hate to discuss all of the facts.  It's typically preferable to stick to the convenient ones.

&amp;#x200B;

&gt; I understand why you deflect though. Cruz is at the very bottom of the barrel of leadership. He supports seditionists and domestic terrorists out of political expediency. He let Trump call his wife ugly because god forbid he upset the knuckle-dragging mob. 

There was no deflection.  It was a direct refutation of the point you attempted to make.  

""Seditionists and domestic terrorists"" wow really uniting the country there, huh?  Since you're deflecting, let's discuss how the left has been undermining the country for decades.  Like when the President calls concentration camps ""cultural differences"" to appease the nation he sold us out to.

&amp;#x200B;

&gt; And in this case, Cruz flys to Cancun when Texans need his immediate help. This guy clearly doesn‚Äôt give two shits about anyone but himself. 

Sorry kids, we can't go on vacation like I promised.  I have to stay home and virtue signal to appease the woke mob.

&amp;#x200B;

&gt; At least 24 people are dead because Cruz, Abbott and other GOP leaders willfully and proudly abdicate the most rudimentary aspects of governance. 

Abbot is potentially fair game.  But I was unaware Cruz sat on a committee having oversight of the Texas electrical grid.

&amp;#x200B;

&gt;It echoes Trump‚Äôs lack of preparedness and MIA response to pandemics. The GOP is presently defined by 2 things: systemic corruption and an absence of leadership. 

For someone who complained about deflecting you do an awful lot of it. But I do like the topic, so let's talk about both of these blatantly false narratives.  

Trump was the first public official to act on COVID.  It's the very definition of leadership.  He correctly identified the source and had the stones to call it out against all of the prevailing narratives and attacks for ""xenophobia"".  He also called for the country to re-open when numbers receded which was the correct call because as we can see now Democrats seem determined to never allow us to return to normal.  

The Biden administration is now anonymously leaking that there was ""Literally no plan"" for vaccination.  Of course this is laughable since Trump spearheaded the development of a vaccine faster than the liberal haters said was possible.  And it contradicts what even Anthony Fauci himself has said repeatedly and consistently to this day.  It also fails to explain how so many people have already been vaccinated.

Ands let's PLEASE talk about corruption.  Because we just found out the FBI essentially allowed itself to work on behalf of the Clinton campaign for 4 years.  If you cared to read real news you would know that Jim Comey admitted he illegally leaked these fake stories to the press to affect public perception and also knew the Steel Dossier was fake the whole time.  He knew it was fake when he certified a FISA application using the Steel Dossier as the central piece of evidence.

We also know that the FBI was aware in 2016 that the entire Russia narrative originated inside the Clinton campaign.  This wasn't even ""oppo research"".  This was literally the campaign ""conjuring up"" the story.  I put that term in quotes because that's how John Brennan characterized it in his notes that he used to brief Obama and Comey.

Let's talk about how Joe Biden takes a cut of his son Hunter's paychecks.  Let's talk about how strange that is.  I mean it would less strange if Joe got his crackhead son a position on the board of a billion dollar foreign energy company he had absolutely no experience in and then wanted a kickback for getting him that job.  All that and Joe fired the prosecutor that Burisma needed fired.  I guess that's all a coincidence to you?

So tell me how enraged you are that level of corruption because I know you're deeply concerned with that.",0.0,Conservative,2021-02-18 20:44:12
"Bro just stop being racist, join the left, vote democrat. Other than you being less white here are some key things you should know from Joe Biden.

Black kids shouldn't go to white schools, it creates a  racial jungle.

Black people are too poor and stupid to get a drivers license, we shouldn't require them for voters.

Black people are too stupid to use the internet, they don't know how to get online to get inline for the covid vaccine.

The inner cities are full of black super predators that should be in jail for life. Biden wrote the 1996 crime bill which allowed putting black super predators in jail for life for selling weed. It's why we've been electing him for 50 years.

Black people are oppressed and republicans/conservatives hate them. Join BLM, protest the police and protest for prison reform, it is absurd that black people get put in prison for life for a little weed. We need change, vote for Joe Biden to create a prison system he would agree with. Also forget that you're protesting against laws written by Joe Biden, that's not important, you see Trumps a racist.

And always remember, poor kids are as smart as white kids.",1.0,Conservative,2021-02-20 06:50:03
"I see that you conveniently left out Moderna, that was developed directly under operation warp speed.  Additionally Pfizer did take money, although it was later on for distribution.  The government was also fully directed to get the vaccines out, and that means that the barriers for approval (done by the federal government) would work more quickly on them.  So any sentiment that Trump's administrations efforts did not create the Moderna vaccine and expedite all the vaccines being ready and produced with alacrity are just false.  Just because Trump isn't responsible for every step in the process having been done doesn't mean he gets no credit, which I always see people work exceptionally hard to deprive him of regardless of how valid the arguments are.

Considering that every single country got blindsided by covid I think that this notion that Trump had more insight than all of them is not a fair claim as well.  I mean if it was so obvious, how did it take everyone by surprise at how bad it was?  Is your argument that Trump was smarter than all of them and still chose not to act?

I'm not a Trumper, I just hate liars.  The same people who say that Trump had nothing to do with the vaccine are also completely silent at calling out Biden for lying that no vaccine existed when he took office and there was no distribution plan.  The critical thinking seems to go away on one side of the aisle vs the other.

I'm not particularly fond of Trump as a person but like most leftists I'm sure you don't believe and can't understand that.  I have a saying, it's ""hate people for the right reasons"".  What this means is that if I hate someone, I won't stand by for lies about why they're an asshole.  I'll correct the lies and give the correct reason they're an asshole.  Tolerating liars is something I won't do, plus if you have to lie about why you hate someone it's a bad sign.",1.0,Conservative,2021-02-21 05:27:43
"The entire argument is nonsense?  I think I backed up the vaccine part pretty well.  Are you claiming the Moderna vaccine wasn't created as a direct result of operation warp speed, or that the massive amount of money spent by Trump to produce both American vaccines didn't occur?

I am not aware of the stuff with Iraq but as for lies I am working big to small.  Like the lies and deliberate cover up of Cuomo and other democratic governors that were actively killing people with their policies and was being reported by conservative news sources at the time.  Leftists went apeshit for the perceived peripheral effects of Trump saying the same stuff Fauci did about not wearing masks, but were very tolerant and understanding of putting covid positive people in nursing homes.  Cuomo was celebrated and given an Emmy.  Those lies and deceptions were vastly more problematic.

By all means hate Trump because he's an asshole but I suggest not praising horrible people too much just because they yell at Trump.",1.0,Conservative,2021-02-21 05:54:52
"Let me just summarize your talking points here, just so I don‚Äôt miss anything.

(1) The fact that vaccine development for covid is under a year is suspicious. So, the government telling us to get the vaccines is too much control. I‚Äôve said some doubts in the vaccines but mine were about overall effectiveness, not about safety or control.

(2) You said the mask mandate is too much control; because it would be ineffective because the vaccines work; or we could just chuck old people in a corner so they don‚Äôt get infected. But you personally don‚Äôt mind wearing a mask.

(3) You‚Äôre praising the FDA for catching thalidomide; the same FDA that has approved the covid vaccine. You hate government control. Thalidomide was initially tested and reported as safe by corporations; other governments have allowed thalidomide since they trusted that corporation. You like that the government controlled thalidomide and that saved a lot of people.

Was that right?",1.0,Conservative,2021-02-26 19:33:46
"I hate the NYT, but they published a pretty logical rebuttal to this idea.  The worry is that similarities between the spike protein the vaccine targets and the mechanism used to produce the placenta may lead to female infertility.  However...

[...if the vaccine could trigger an immune response against the placental protein, so could an actual COVID-19 infection. That, in turn, would mean millions of women of childbearing age around the world who suffered COVID-19 over the past year are suddenly unable to have children.]

So if the vaccine were capable of causing female infertility, one would assume there would be a noticeable rise in infertility among the many, many women who have already had covid and developed antibodies.",1.0,Conservative,2021-03-03 03:36:18
"&gt;First the very thought that Trump was leading some sort of recovery or ""the best economy"" in history is directly related to Obama Era policies.

Lololololololol God this is just so wrong

&gt;He was busy bombing Iraq for Cheney's previous employer, so it's understandable.)

Yeah Obama def didn't drone strike more people then any other president and def didn't drone strike a US citizen.

&gt;Almost NONE of that money has gone to the people.

And who wrote the bill? Democrats who demanded most of thst garbage be in it.

&gt;But now we've got churches and wealth gosspel fascists

Lololol I'm not even going to respond to this. The only fascists in this country are democrats.

&gt;At the very least Biden's $1.9 trillion is a more appropriate dispersal of funds then Donny boys

It's a laundry list of liberal backers spending that has nothing to do with covid. That's why shit is getting struck down left and right by the parliamentarian. It's a useless bill that only promots self interest for democrats. It's fascist.

&gt;FDR = Correct, though WW2 helped speed up the process.

Lol not correct. I'm not getting onto fdr but he was one of THE WORST presidents we ever had. He was fortunate to have ww2 as a crutch.

&gt;Obama = Well at least the results weren't terrible.

Horrible results. He had the single slowest recovery from one of the biggest depressions we ever had. The fact it took him 2 terms to see any sort of normalcy with the amount of spending he did is absurd and proves he was a failure of a president. Oh and then there's the whole creating this racial tension shit with his rhetoric.

&gt;Trump = This fucking moron just fucked us so hard we won't live to see the end of it because he managed to organize a second revival of fascism, and we'll pay the price one way or another. And through all of that he's still praised as a God. (Sexually harassed 26 women to boot)

You don't know what the word fascism means and it's painfully clear. I don't expect retards to know much but you should at least look up the word. The closest thing to fascism in this country is the democratic party and that's solely due to their authoritarian edicts and policies. Trumps spending was not an issue and he did have the greatest economy in US history. Even liberal economists agree lololol but keep pretending like your garbled nonsense hate is correct.

&gt;Biden = Yet to be seen but someone's got to pick up the pieces of ""fiscal conservativism.""

Been in for 40 days, hasn't done shit, lives in his basement, writes EOs like a dictator, killed 10K+ jobs day 1, murdered 100k+ people with a vaccine out, and is about to blow the fuck out of our dollar like he blew the fuck out of Syria for no reason. Oh and he is getting his 10% from this 1.9T stimulus I mean dem payout 

&gt;Hope that helps. If I see you around ever we should grab a beer.

I would but you wouldn't pay for your glass. Liberals expect someone else to pick up their tab",3.0,Conservative,2021-03-03 19:19:16
"The COVID vaccine is NOT untested. It's been tested and tested and tested.

I hate that people say this when it's not true.",1.0,Conservative,2021-03-17 11:32:14
"Wait.....so illegal ‚Äòmigrants‚Äô can pour into our country with zero need for passports or COVID testing and then be bussed and flown all over....again with no passports or testingZ. Also.....requiring photo ID to prove you are who you are for voting is also racist and oppression and suppression.  

But.......requiring a vaccine card for a barely fucking deadly virus for ALMOST ALL people that many have already had and have natural and robust immunity AOK and celebrated as the right thing to do?!?!?!

I FUCKING HATE ü§° üåé 2021!!",1.0,Conservative,2021-03-29 02:16:40
I see nothing but hate for the vaccine passport idea with the exception of some China bots pushing it as a good thing. You can also literally print your own vaccine card. https://health.wyo.gov/wp-content/uploads/2020/10/2020-COVID-19-shot-card-2b.pdf,1.0,Conservative,2021-03-30 04:11:57
"I think that what it comes down to is people just hate Anti-vaxxers and associate all the people who don't want the covid 19 vaccine as the same who don't vaccinate their children for measles.

I personally don't care either way for a vaccination passport because if people would actually just wear their masks and distance responsibly like they were supposed to we wouldn't be in this situation we are currently in. The people refusing to vaccinate are unfortunately in the same group of covid deniers who think that wearing a mask is ""tyranny"" and don't want to do it even in private businesses. 

I think an even better solution would be to pass a law that anyone who doesn't take the pandemic seriously and is acting irresponsibly should be punished in the conservative way...by letting your private health insurance companies refuse to pay for your treatment or drop you entirely. It's your right and freedom to choose not to wear a mask or work toward ending the pandemic...but why should your insurance company pay hundreds of thousands for you if you end up in the hospital?

Don't want a covid vaccine fine don't get one. But comply with the rules to protect others from getting sick",1.0,Conservative,2021-03-30 15:17:49
"&gt;Trump sent federal troops in when rioters were threatening federal employees and property, this occured most notably at that courthouse BLM/Antifa rioters were trying to break into/burn down. 

Yep! There were solid reasons, just like there are solid reasons for the NG being deployed in DC. Perhaps you forgot, but there was a pretty significant riot on the 6th of January. Again, not saying I agree with the logic, but there are clear parallels for both sides. ((Because both sides are 95% the same, they want to get rich and help out their rich friends that fund their campaigns. They don't give a fuck about you or me.))

&amp;#x200B;

&gt;to be able to freely move through your own country, while your ability to move freely is being questioned constantly 

Where is this happening in the US? I'm genuinely asking, what states or federal agencies have said that **travel** will be restricted if you don't have a vaccine passport? (If this is being proposed by the government I'm going to do a 180 real fast because I hate the idea of checkpoints inside our borders for any reason.)

I know plenty of businesses have talked about having these as a requirement. I hate that idea, but it is their right. I am a huge supporter of private property rights. That is literally the strongest association I have with conservative politics, so I am 100% in support of allowing businesses to decide their own policies as long as they follow the law. I'm not getting any COVID vaccines until they're fully approved by the FDA so I'd be banned from businesses that require proof of vaccination, but that's their loss not mine.

I genuinely apologize if I insulted you by asking about your service. You're right that you don't need to have served to care about it, but it seems like one of those things that only civilians would really raise as an issue because anyone who has been in knows this is par for the course. Dorms/barracks &amp; base housing are falling apart across the nation and have been for a while. I feel like if you served you'd know that shitty living conditions aren't exclusively found downrange.",0.0,Conservative,2021-03-31 19:22:53
"I mean NY already has one. I live here and I hate it so much, I told my family and friends we‚Äôd try to stay as long as possible but I‚Äôm really getting fed up with its politics. 

https://nypost.com/2021/03/26/nations-first-covid-vaccine-passport-coming-to-new-york/",1.0,Conservative,2021-04-02 12:08:56
"Well, you were pretty vague about ""dems pushing unpopular policies,"" and those are the two biggest things they've done in the last few months, so it's not cherry picking.
Vaccine passports haven't been a Democrat only policy proposal. Seems everyone from airlines to cruise lines to countries with borders (ie, all of them) are discussing the idea. Should you, and how would you, place restrictions on travel based on vaccination. It's a valid question, especially in a ****ing pandemic. 
Eh, prove it. More notable is how people hate Obamacare, but love the affordable care act, as if they're different.
And the first covid bill was a *huge* handout to special interests. Just think of the airlines that just had to promise not to lay off anyone for 5 months in exchange for *billions*",1.0,Conservative,2021-04-02 15:29:58
"[Fauci told us not to change our behavior in Feb, you know, when he was advising Trump to say the same, and the democrats were turning it political to attack him](https://www.snopes.com/fact-check/fauci-nothing-to-worry-about/) I hate snopes, because they shill for the democrats, but even they had to admit he had fault.

[Fauci admits he has been lying about herd immunity to NYT, in order to try and keep americans getting the vaccine](https://dailycaller.com/2020/12/24/anthony-fauci-coronavirus-covid-19-vaccine-herd-immunity/) [NYT Original Interview](https://www.nytimes.com/2020/12/24/health/herd-immunity-covid-coronavirus.html#click=https://t.co/j18nUYZ3cV)
[Fauci Admits He's Been Lying to Us About Herd Immunity In Order to Manipulate Us](https://redstate.com/brandon_morse/2020/12/28/fauci-admits-hes-been-lying-to-us-about-herd-immunity-in-order-to-manipulate-us-n300795)
[Fauci admits to LYING about Covid-19 herd immunity threshold to manipulate public support for vaccine, moves goal post to 90%](https://www.rt.com/usa/510706-fauci-lied-herd-immunity/)

[Fauci lied about masks](https://www.msn.com/en-us/news/us/dr-fauci-made-the-coronavirus-pandemic-worse-by-lying-about-masks/ar-BB15zyW3)

Excerpt:
    
    Fauci... hinted that he knew masks worked, he just wanted any
    available masks to be saved for health care workers.
    ‚ÄúWell, the reason for that is that we were concerned the public health
    community, and many people were saying this, were concerned that it
    was at a time when personal protective equipment, including the N-95
    masks and the surgical masks, were in very short supply,‚Äù Fauci said. 
    ‚ÄúAnd we wanted to make sure that the people, namely the health care
    workers, who were brave enough to put themselves in a harm way, to
    take care of people who you know were infected with the coronavirus
    and the danger of them getting infected.‚Äù
    Fauci didn‚Äôt just fail to promote masks early on, he actively discouraged
    the use of masks, saying they didn‚Äôt work. Americans are now paying the
    price because too many people think masks are useless to combat the
    coronavirus. In reality, masks have been shown to help prevent the spread
    of covid-19, as the CDC now admits.


# Why do you want to trust a known liar, who not only advised the president, and by all accounts from the administration, lied?

The simple truth is that Faucci doesn't communicate what the truth is, only what he wants to manipulate Americans into doing. Faucci has blood on his hands. He knew early about the masks, and how they would help save lives during the initial spike, but he withheld the information. Probably getting hundreds of thousands killed or infected in the process.

Now he says to keep wearing them. In fact, wear two masks. What is he lying to us about now? 

[https://principia-scientific.com/covid-19-masks-causing-rise-in-bacterial-pneumonia/](https://principia-scientific.com/covid-19-masks-causing-rise-in-bacterial-pneumonia/) Principia Scientifica says that they cause Pneumonia when worn too long.

[NIH.gov says they were the cause of the greatest loss of life during the 1918 pandemic](https://www.nih.gov/news-events/news-releases/bacterial-pneumonia-caused-most-deaths-1918-influenza-pandemic)

Not only that, we have some anecdotal evidence. Cases are dropping in Texas, Florida, and every place they take the masks off and put their ""foot on the gas"". 


Finally, the number one reason, I know Dr. Faucci is full of shit and a liar? [He wrote about the effects of masks during a pandemic, staph and strep turn into bacterial pneumonia when you wear masks too long. NIH.gov ](https://www.nih.gov/news-events/news-releases/bacterial-pneumonia-caused-most-deaths-1918-influenza-pandemic)

You know, snopes wanted to bury and pretend that he didn't say those things about masks, but there is his research paper, from 2008, that literally says that. #followthescience.

I don't trust him. He's very clearly a partisan as well.",1.0,Conservative,2021-04-02 21:03:16
"Oh boy. It‚Äôs stupid. Ive had healthy friends absolutely WRECKED by Covid. I used to hate the left for fear mongering and wanting those absurd masks. Then covid hit my family. Then covid hit my friends. About 70% were completely fine. But 30% had to he hospitalized. I lost my healthy aunt.

I almost lost 2 of my 24 and 26 year old marathon runner friends. I now wear masks everywhere i go. It took a hard lesson. But i now respect covid and am getting the vaccine as soon as i can",4.0,Conservative,2021-04-14 20:57:53
"Well I'll tell you one thing, I don't know of anyone whether it's someone personal or some famous person who died of covid 19, but I do know at least 10 who've died from the vaccine, and I'm sorry your family is so stupid and terrified of a virus with a 99.9% survival rate and that actually has never been isolated and proven to even exist. Also pal I hate to tell you this but whether you vaccinate or not life is never going back to normal, there going to keep us locked down once people start dropping dead from the vaccine they'll blame it on variants and the cycle will just keep repeating itself, your in the New World Order now pal, and apparently you love it. For the hell of it why dont you have a look at this https://www.lifesitenews.com/news/exclusive-former-pfizer-vp-your-government-is-lying-to-you-in-a-way-that-could-lead-to-your-death",1.0,Conservative,2021-04-22 14:08:59
"Well I'll tell you one thing, I don't know of anyone whether it's someone personal or some famous person who died of covid 19, but I do know at least 10 who've died from the vaccine, and I'm sorry your family is so stupid and terrified of a virus with a 99.9% survival rate and that actually has never been isolated and proven to even exist. Also pal I hate to tell you this but whether you vaccinate or not life is never going back to normal, there going to keep us locked down once people start dropping dead from the vaccine they'll blame it on variants and the cycle will just keep repeating itself, your in the New World Order now pal, and apparently you love it. For the hell of it why dont you have a look at this [I shit the bed](https://youtu.be/PvR0O1sg53M)",1.0,Conservative,2021-04-23 01:43:49
"Well I'll tell you one thing, I don't know of anyone whether it's someone personal or some famous person who died of covid 19, but I do know at least 10 who've died from the vaccine, and I'm sorry your family is so stupid and terrified of a virus with a 99.9% survival rate and that actually has never been isolated and proven to even exist. Also pal I hate to tell you this but whether you vaccinate or not life is never going back to normal, there going to keep us locked down once people start dropping dead from the vaccine they'll blame it on variants and the cycle will just keep repeating itself, your in the New World Order now pal, and apparently you love it. For the hell of it why dont you have a look at this [I WANT TO SIT ON YOUR FACE ](https://youtu.be/errpFSxEX9A)",1.0,Conservative,2021-04-23 01:46:08
"Well I'll tell you one thing, I don't know of anyone whether it's someone personal or some famous person who died of covid 19, but I do know at least 10 who've died from the vaccine, and I'm sorry your family is so stupid and terrified of a virus with a 99.9% survival rate and that actually has never been isolated and proven to even exist. Also pal I hate to tell you this but whether you vaccinate or not life is never going back to normal, there going to keep us locked down once people start dropping dead from the vaccine they'll blame it on variants and the cycle will just keep repeating itself, your in the New World Order now pal, and apparently you love it. For the hell of it why dont you have a look at this [MY BALLS ARE INSIDE MY TEETH ](https://youtu.be/TKN011kD6zg)",1.0,Conservative,2021-04-23 01:48:31
Whats with all the hate. The EU has chosen vaccinations as their primary source as dealing with covid. No one is forced to take a vaccine. By forcing non eu citizens to be vaccinated  they just want ro reduce the risk. Remember one thing about the EU. They aren't malicious just bureaucratic. Never assume spite when bureaucracy and numbers can explain the issue.,0.0,Conservative,2021-04-27 22:10:14
"Its a little bit of a blanket... for example they're currently suing the feds to get the cruise industry restarted, but I'm pretty sure the cruise lines would love a vaccine passport since itd effectively reduce the risk of spreading COVID to anyone not vaccinated from nearly 100% to nearly 0%.  

That being said, I'd hate living in a world where we have to show proof that we're vaccinated to move forward.  The vulnerable populations need to hurry and get vaccinated, which is basically anyone above 50 and anyone over 200 lbs.",39.0,Conservative,2021-04-29 03:24:45
"I hate everything florida has done except this. As far as we know it seems you can still technically get covid while vaccinated.. and spread it. It just stops you from getting symptoms. As such, being vaccinated helps you but doesn't benefit those around you.. and so then whats the point of requiring it? We are treating the vaccine like a cure all but its not. 

Correct me if I'm wrong. Im a big time proponent of masks but like this move specifically.",0.0,Conservative,2021-04-29 05:37:58
"You should see my DM‚Äôs had a guy call me a racist nazi the other night with no context... then a traitor...then kindly asked me to slit my throat to make the world a better place free from hate mongering filth like me.... for the record I‚Äôve never hated a person vehemently in my life and just live a quiet day to day existence as a Veterinary Doctor saving peoples animals and helping people as well... hell I volunteer at inner city free vaccine neuter and spay clinics to help the minority disadvantaged.  I really don‚Äôt need that negativity from that asshat in my life at all. Shit like that caused my good friend, also a Veterinary Doctor, to take his life last June. Couldn‚Äôt even go to his funeral due to Covid.",20.0,Conservative,2021-05-01 00:06:39
